{
  "anomaly": {
    "precision": 0.5490494296577947,
    "recall": 0.9232736572890026,
    "f1_score": 0.6886027658559848,
    "auc_roc": 0.9235757525986062
  },
  "intent": {
    "accuracy": 0.855,
    "precision": 0.21375,
    "recall": 0.25,
    "f1_score": 0.23045822102425875,
    "confusion_matrix": [
      [
        171,
        0,
        0,
        0
      ],
      [
        8,
        0,
        0,
        0
      ],
      [
        6,
        0,
        0,
        0
      ],
      [
        15,
        0,
        0,
        0
      ]
    ]
  },
  "bot": {
    "accuracy": 0.93,
    "precision": 0.0,
    "recall": 0.0,
    "f1_score": 0.0
  }
}